sale_id,sale_date,customer,product,category,region,quantity,unit_price
1,2024-05-20,Customer_035,Mouse,Peripherals,Southeast,2.0,102.9
2,2024-02-17,Customer_042,  Keyboard,Peripherals,North,7.0,214.88
3,2024-05-22,Customer_022,Monitor,Computers,Northeast,4.0,
4,2024-06-21,Customer_017,Smartphone,Mobile Devices,Southeast,4.0,2501.76
5,2024-07-12,Customer_024,Mouse,Peripherals,North,8.0,121.3
6,2024-04-26,Customer_025,Smartphone,Mobile Devices,Northeast,2.0,1900.24
7,2024-06-30,Customer_039,Monitor,Computers,South,6.0,1078.56
8,2024-07-13,Customer_021,Keyboard,Peripherals,Southeast,4.0,224.76
9,2024-07-24,Customer_021,Smartphone,Mobile Devices,South,1.0,2401.33
10,2024-11-25,Customer_017,Mouse,Peripherals,North,8.0,116.24
11,2024-04-22,Customer_008,Monitor,Computers,South,10.0,1163.78
12,2024-08-04,Customer_017,Mouse,Peripherals,North,3.0,130.51
13,2024-02-28,Customer_008,Headset,Peripherals,Northeast,1.0,368.93
14,2024-05-14,Customer_041,Monitor,Computers,Northeast,3.0,1183.34
15,2024-03-19,Customer_001,Headset,Peripherals,North,9.0,361.44
16,2024-07-04,Customer_037,Tablet,Mobile Devices,Southeast,8.0,1540.52
17,2024-09-29,Customer_017,Notebook,Computers,North,8.0,3831.82
18,2024-04-18,Customer_026,Headset,Peripherals,Northeast,10.0,341.93
19,2024-05-06,Customer_015,Monitor,Computers,Southeast,9.0,1182.54
20,2024-01-17,Customer_014,Notebook,Computers,North,1.0,3215.39
21,2024-05-04,Customer_028,Smartphone,Mobile Devices,Northeast,10.0,2250.3
22,2024-01-28,Customer_022,Monitor,Computers,Southeast,7.0,1188.13
23,2024-08-17,Customer_005,Smartphone,Mobile Devices,Midwest,4.0,1995.54
24,2024-11-29,Customer_016,Headset,Peripherals,South,9.0,307.78
25,2024-07-24,Customer_030,  Monitor,Computers,Northeast,8.0,1193.29
26,2024-09-06,Customer_035,Monitor,Computers,Southeast,9.0,1258.27
27,2024-10-26,Customer_033,Mouse,Peripherals,Southeast,6.0,104.06
28,2024-02-04,Customer_016,Headset,Peripherals,North,3.0,304.69
29,2024-08-02,Customer_043,Keyboard,Peripherals,Northeast,1.0,258.95
30,2024-12-09,Customer_001,Smartphone,Mobile Devices,Midwest,5.0,2131.22
31,2024-02-07,Customer_005,Keyboard,Peripherals,South,10.0,287.21
32,2024-10-05,Customer_001,Tablet,Mobile Devices,North,5.0,1615.18
33,2024-03-09,Customer_019,Tablet,Mobile Devices,North,2.0,2037.02
34,2024-11-20,Customer_004,Smartphone,Mobile Devices,Southeast,6.0,2004.37
35,2024-01-23,Customer_048,Mouse,Peripherals,Midwest,,131.86
36,2024-02-27,Customer_024,Keyboard,Peripherals,North,7.0,254.57
37,2024-01-22,Customer_023,Keyboard,Peripherals,South,3.0,244.73
38,2024-06-30,Customer_010,Mouse,Peripherals,South,4.0,126.01
39,2024-03-31,Customer_027,Headset,Peripherals,South,3.0,
40,2024-02-25,Customer_030,Tablet,Mobile Devices,Northeast,3.0,
41,2024-12-03,Customer_018,Tablet,Mobile Devices,Northeast,4.0,1650.38
42,2024-10-01,Customer_038,Mouse,Peripherals,Northeast,9.0,
43,2024-06-25,Customer_025,Notebook,Computers,North,2.0,3601.4
44,2024-08-11,Customer_048,Smartphone,Mobile Devices,South,,1899.3
45,2024-12-06,Customer_020,Tablet,Mobile Devices,North,7.0,1567.79
46,2024-12-22,Customer_044,Tablet,Mobile Devices,South,7.0,1706.14
47,2024-10-07,Customer_039,Keyboard,Peripherals,Northeast,10.0,235.07
48,2024-04-19,Customer_043,Monitor,Computers,Southeast,8.0,1179.18
49,2024-11-13,Customer_015,Tablet,Mobile Devices,South,9.0,1888.48
50,2024-08-31,Customer_037,Smartphone,Mobile Devices,South,1.0,1900.5
51,2024-05-04,Customer_007,Mouse,Peripherals,Midwest,7.0,119.8
52,2024-12-22,Customer_030,Smartphone,Mobile Devices,South,3.0,2400.71
53,2024-10-13,Customer_047,Headset,Peripherals,North,8.0,367.6
54,2024-03-22,Customer_041,Monitor,Computers,Northeast,9.0,1180.53
55,2024-05-02,Customer_021,Headset,Peripherals,North,9.0,348.38
56,2024-07-15,Customer_035,Notebook,Computers,Midwest,3.0,3133.37
57,INVALID DATE,Customer_049,Monitor,Computers,North,1.0,1094.46
58,2024-06-29,Customer_035,Monitor,Computers,North,8.0,1022.12
59,2024-09-06,Customer_044,  Headset,Peripherals,Midwest,10.0,391.77
60,2024-03-06,Customer_043,Mouse,Peripherals,Southeast,3.0,132.26
61,2024-08-24,Customer_022,Notebook,Computers,Midwest,7.0,3117.48
62,2024-02-11,Customer_015,Tablet,Mobile Devices,Southeast,7.0,1666.23
63,2024-05-06,Customer_043,Headset,Peripherals,Southeast,1.0,
64,2024-05-11,Customer_008,Keyboard,Peripherals,South,4.0,247.38
65,2024-06-08,Customer_013,Tablet,Mobile Devices,Southeast,2.0,1842.49
66,2024-06-03,Customer_003,Keyboard,Peripherals,Northeast,4.0,220.14
67,2024-02-05,Customer_007,Keyboard,Peripherals,Midwest,7.0,262.11
68,2024-08-10,Customer_035,Tablet,Mobile Devices,Midwest,8.0,1911.95
69,2024-10-30,Customer_029,Monitor,Computers,South,7.0,1317.26
70,2024-12-08,Customer_014,Headset,Peripherals,Northeast,8.0,
71,2024-11-01,Customer_006,  Headset,Peripherals,South,5.0,333.24
72,2024-05-03,Customer_006,Mouse,Peripherals,Northeast,7.0,119.59
73,2024-06-05,Customer_048,Smartphone,Mobile Devices,North,7.0,2326.58
74,2024-05-18,Customer_048,Tablet,Mobile Devices,North,6.0,1909.54
75,2024-09-04,Customer_007,Headset,Peripherals,South,3.0,317.61
76,2024-06-03,Customer_036,Tablet,Mobile Devices,Northeast,,1724.88
77,2024-09-08,Customer_022,Mouse,Peripherals,South,3.0,
78,2024-09-01,Customer_044,Notebook,Computers,Southeast,5.0,3963.12
79,2024-06-04,Customer_039,Smartphone,Mobile Devices,North,3.0,2405.35
80,2024-08-14,Customer_004,Smartphone,Mobile Devices,North,9.0,2121.05
81,2024-04-16,Customer_036,Mouse,Peripherals,Southeast,2.0,136.11
82,2024-12-18,Customer_045,Smartphone,Mobile Devices,Midwest,1.0,2139.62
83,2024-11-16,Customer_015,Notebook,Computers,South,4.0,3945.11
84,2024-03-25,Customer_029,Tablet,Mobile Devices,Southeast,3.0,1568.56
85,2024-05-19,Customer_028,Monitor,Computers,Northeast,5.0,1271.9
86,2024-04-27,Customer_049,Keyboard,Peripherals,Northeast,5.0,214.44
87,2024-03-30,Customer_038,Keyboard,Peripherals,Midwest,1.0,269.73
88,2024-08-28,Customer_022,Mouse,Peripherals,Midwest,8.0,136.89
89,2024-07-24,Customer_021,Mouse,Peripherals,Southeast,8.0,112.38
90,2024-01-01,Customer_024,Headset,Peripherals,North,7.0,388.32
91,2024-01-27,Customer_045,Headset,Peripherals,Midwest,8.0,363.17
92,INVALID DATE,Customer_027,Notebook,Computers,Southeast,1.0,3996.8
93,2024-03-01,Customer_046,Smartphone,Mobile Devices,Northeast,2.0,2174.56
94,2024-05-04,Customer_048,Monitor,Computers,South,8.0,1372.89
95,INVALID DATE,Customer_047,Headset,Peripherals,Northeast,2.0,326.51
96,2024-12-03,Customer_036,Headset,Peripherals,North,10.0,358.39
97,2024-04-06,Customer_027,Monitor,Computers,Southeast,8.0,1355.83
98,2024-07-14,Customer_032,Tablet,Mobile Devices,Southeast,8.0,1910.82
99,2024-06-18,Customer_030,Smartphone,Mobile Devices,Southeast,9.0,2507.13
100,2024-12-01,Customer_040,Mouse,Peripherals,Midwest,3.0,116.76
101,2024-12-11,Customer_049,Mouse,Peripherals,Midwest,2.0,132.66
102,2024-02-05,Customer_006,Headset,Peripherals,Midwest,9.0,301.27
103,2024-12-21,Customer_023,Notebook,Computers,Northeast,2.0,
104,2024-07-29,Customer_025,Monitor,Computers,North,3.0,1107.91
105,2024-10-25,Customer_001,Mouse,Peripherals,Midwest,4.0,119.92
106,2024-08-14,Customer_045,Tablet,Mobile Devices,Northeast,9.0,1615.31
107,2024-07-15,Customer_019,Monitor,Computers,Northeast,5.0,1091.72
108,2024-10-16,Customer_048,Notebook,Computers,Midwest,7.0,3263.2
109,2024-04-27,Customer_044,Headset,Peripherals,South,5.0,378.95
110,2024-11-26,Customer_009,Mouse,Peripherals,Southeast,,134.52
111,2024-03-30,Customer_033,Tablet,Mobile Devices,Northeast,6.0,1933.64
112,2024-09-03,Customer_030,Headset,Peripherals,Southeast,3.0,324.48
113,2024-12-11,Customer_026,Smartphone,Mobile Devices,Southeast,4.0,2437.69
114,2024-07-07,Customer_024,Tablet,Mobile Devices,Southeast,9.0,1596.74
115,2024-11-13,Customer_005,Mouse,Peripherals,Midwest,4.0,118.97
116,2024-02-29,Customer_007,Mouse,Peripherals,South,5.0,125.37
117,2024-07-08,Customer_048,Keyboard,Peripherals,South,3.0,241.65
118,2024-11-11,Customer_029,Monitor,Computers,Midwest,2.0,1320.13
119,2024-12-17,Customer_018,Smartphone,Mobile Devices,South,6.0,1935.57
120,2024-04-18,Customer_016,  Notebook,Computers,South,8.0,3071.26
121,2024-10-10,Customer_010,Headset,Peripherals,North,10.0,319.05
122,2024-03-15,Customer_002,Notebook,Computers,South,5.0,3876.33
123,2024-05-01,Customer_027,Notebook,Computers,North,6.0,
124,2024-07-04,Customer_003,Notebook,Computers,North,2.0,3475.06
125,2024-01-16,Customer_032,Tablet,Mobile Devices,Midwest,8.0,1877.4
126,2024-03-16,Customer_021,Notebook,Computers,Midwest,2.0,3313.22
127,2024-09-15,Customer_042,Keyboard,Peripherals,North,9.0,234.62
128,2024-04-26,Customer_021,Mouse,Peripherals,Midwest,4.0,117.48
129,2024-03-19,Customer_028,Tablet,Mobile Devices,Southeast,5.0,1732.12
130,2024-10-11,Customer_027,Mouse,Peripherals,Northeast,6.0,131.22
131,2024-01-27,Customer_014,Headset,Peripherals,South,7.0,388.65
132,2024-02-25,Customer_015,Mouse,Peripherals,Midwest,8.0,110.07
133,2024-11-14,Customer_045,  Headset,Peripherals,Northeast,9.0,399.83
134,2024-06-07,Customer_043,Notebook,Computers,Midwest,3.0,3261.93
135,2024-01-16,Customer_011,Notebook,Computers,Northeast,3.0,3753.02
136,2024-10-17,Customer_004,Tablet,Mobile Devices,Southeast,6.0,1949.49
137,2024-09-05,Customer_023,Tablet,Mobile Devices,Midwest,8.0,1887.45
138,2024-10-30,Customer_039,Notebook,Computers,Southeast,5.0,3687.13
139,2024-04-18,Customer_032,Notebook,Computers,Midwest,4.0,3291.49
140,2024-12-26,Customer_026,Smartphone,Mobile Devices,Southeast,3.0,2120.94
141,2024-02-09,Customer_027,Monitor,Computers,Northeast,1.0,1185.51
142,2024-06-15,Customer_024,Notebook,Computers,Southeast,7.0,2996.9
143,2024-10-28,Customer_015,Monitor,Computers,Northeast,2.0,1107.59
144,2024-11-20,Customer_047,Headset,Peripherals,South,3.0,305.52
145,2024-04-11,Customer_050,Smartphone,Mobile Devices,Midwest,2.0,1966.65
146,2024-08-17,Customer_021,Monitor,Computers,Northeast,10.0,1293.56
147,2024-08-14,Customer_005,Smartphone,Mobile Devices,Northeast,8.0,1915.07
148,2024-07-07,Customer_040,Monitor,Computers,North,8.0,1033.54
149,2024-10-10,Customer_037,Keyboard,Peripherals,South,7.0,247.2
150,2024-03-18,Customer_046,Tablet,Mobile Devices,Southeast,10.0,1786.84
151,2024-12-28,Customer_024,Keyboard,Peripherals,Northeast,3.0,215.44
152,2024-12-13,Customer_007,Monitor,Computers,North,7.0,1298.81
153,2024-12-02,Customer_043,Mouse,Peripherals,South,7.0,112.23
154,2024-12-23,Customer_036,Tablet,Mobile Devices,Midwest,5.0,2052.56
155,2024-12-09,Customer_006,Mouse,Peripherals,Midwest,6.0,131.27
156,2024-06-07,Customer_015,Keyboard,Peripherals,South,6.0,213.87
157,2024-02-21,Customer_043,Smartphone,Mobile Devices,Northeast,2.0,2065.22
158,2024-07-11,Customer_011,Headset,Peripherals,Midwest,10.0,311.26
159,2024-05-01,Customer_015,Notebook,Computers,North,7.0,3357.51
160,2024-08-28,Customer_029,Smartphone,Mobile Devices,Midwest,5.0,2507.29
161,2024-09-14,Customer_009,Headset,Peripherals,Northeast,5.0,379.2
162,2024-10-10,Customer_006,Notebook,Computers,South,8.0,3892.82
163,2024-03-16,Customer_023,Tablet,Mobile Devices,Southeast,8.0,2018.87
164,2024-07-10,Customer_007,Monitor,Computers,Northeast,1.0,1162.72
165,2024-05-26,Customer_031,Headset,Peripherals,Midwest,3.0,311.95
166,2024-01-10,Customer_034,Keyboard,Peripherals,Midwest,1.0,280.44
167,2024-03-03,Customer_008,Notebook,Computers,Midwest,,3224.52
168,INVALID DATE,Customer_023,Keyboard,Peripherals,South,9.0,213.73
169,2024-12-08,Customer_033,Keyboard,Peripherals,North,7.0,226.55
170,2024-08-28,Customer_023,Keyboard,Peripherals,Southeast,,241.78
171,2024-11-17,Customer_023,Tablet,Mobile Devices,North,4.0,1925.79
172,2024-12-16,Customer_005,Tablet,Mobile Devices,Midwest,3.0,1978.41
173,2024-04-12,Customer_035,Notebook,Computers,Midwest,5.0,3186.67
174,2024-04-07,Customer_018,Tablet,Mobile Devices,Southeast,1.0,1936.78
175,2024-07-23,Customer_032,Headset,Peripherals,Midwest,6.0,343.38
176,2024-02-12,Customer_035,Tablet,Mobile Devices,Northeast,9.0,1674.03
177,2024-12-04,Customer_029,Tablet,Mobile Devices,Northeast,2.0,1573.24
178,2024-06-29,Customer_004,Monitor,Computers,Southeast,1.0,1281.65
179,2024-12-13,Customer_029,Mouse,Peripherals,Southeast,7.0,
180,2024-11-26,Customer_044,Smartphone,Mobile Devices,Midwest,2.0,2025.76
181,2024-02-09,Customer_016,Tablet,Mobile Devices,Southeast,6.0,1769.73
182,2024-07-17,Customer_014,Notebook,Computers,North,3.0,3499.0
183,2024-03-10,Customer_006,Tablet,Mobile Devices,Northeast,8.0,1638.1
184,2024-10-08,Customer_045,Mouse,Peripherals,South,6.0,127.54
185,2024-03-03,Customer_024,Headset,Peripherals,North,6.0,350.92
186,2024-10-09,Customer_046,Keyboard,Peripherals,Midwest,6.0,247.56
187,2024-10-21,Customer_044,Keyboard,Peripherals,North,7.0,270.19
188,2024-10-09,Customer_004,Tablet,Mobile Devices,Southeast,3.0,2004.1
189,2024-03-23,Customer_019,Keyboard,Peripherals,Southeast,3.0,235.31
190,2024-10-09,Customer_042,Tablet,Mobile Devices,South,4.0,1872.93
191,2024-12-03,Customer_003,Keyboard,Peripherals,Southeast,10.0,224.06
192,2024-10-22,Customer_002,Notebook,Computers,Midwest,1.0,3970.97
193,2024-06-03,Customer_005,Mouse,Peripherals,Southeast,9.0,112.43
194,2024-08-25,Customer_047,Smartphone,Mobile Devices,Northeast,8.0,2144.31
195,2024-09-20,Customer_016,Monitor,Computers,South,3.0,1293.84
196,2024-07-15,Customer_021,Notebook,Computers,North,1.0,3279.72
197,2024-03-22,Customer_002,Mouse,Peripherals,Southeast,6.0,108.83
198,2024-05-03,Customer_042,Monitor,Computers,Midwest,9.0,1184.6
199,2024-02-25,Customer_024,Tablet,Mobile Devices,Southeast,9.0,1534.42
200,2024-04-09,Customer_036,Monitor,Computers,Northeast,1.0,1225.3
